cluster,intent,target_url,queries_90d,shows_90d,clicks_90d,ctr_percent,queries_position_8_20,queries_position_20_35,decision
VIP и эксклюзивные подарки,Выбрать статусный подарок высокого ценового сегмента,/vip-podarki/,42,88,4,4.55,22,0,Дожимать существующую посадочную; новую страницу не создавать
Корпоративные подарки,"Подобрать подарок компании, партнеру, делегации или коллективу",/korporativnye-podarki/,2,3,1,33.33,1,0,"Развивать B2B-доказательства, кейсы и условия подготовки"
Подарки руководителю,Выбрать уместный подарок конкретному должностному лицу,/podarki-rukovoditelyu/,2,2,0,0.0,2,0,Сохранить отдельную посадочную и усилить деловые сценарии
Подарки и изделия из Златоуста,Найти магазин или каталог изделий златоустовских мастеров,/categories/,197,556,95,17.09,72,20,"Усилить каталог, происхождение изделий и московский шоурум"
Сувенирное оружие,Выбрать коллекционное или подарочное оружие,/categories/suvenirnoe-oruzhie/,109,145,5,3.45,59,5,"Разделять общую категорию, подкатегории и карточки конкретных изделий"
Восточная коллекция,Найти восточный или религиозный подарок с подходящей символикой,/categories/vostochnye-podarki/vostochnaya-kollekcziya/,46,60,6,10.0,18,7,Сохранять точное соответствие символике и типу изделия
Декор и предметы для кабинета,Выбрать художественный предмет для дома или кабинета,/categories/eksklyuzivnyj-dekor-dlya-doma/,57,73,7,9.59,27,8,"Развивать подбор по месту, масштабу, материалу и сюжету"
Икорницы и чайно-кофейные наборы,Выбрать подарочную посуду или набор для сервировки,/categories/ikorniczy-chajno-kofejnye-nabory/,26,31,4,12.9,11,5,"Разделять икорницы, чайные и кофейные наборы в рекламе и контенте"
Интерьерные скульптуры,Найти интерьерную скульптуру или конкретную композицию,/categories/skulptury-v-interer/,4,5,0,0.0,3,0,Категорию развивать отдельно; не добавлять ее карточку на посадочные подарков
